Id,Kategori,Judul,Tanggal dan Waktu Terbit,Penulis,Isi Berita
7184485,            Berita        ,Polisi Tetapkan Kekasih Tamara Tyasmara Jadi Tersangka!,"Jumat, 09 Feb 2024 00:38 WIB",Yogi Ernes  ,polisi tangkap kasih tamara tyasmara inisial ya kait mati anak nama dante 6 ya tetap tersangkabetul sangka kabid humas polda metro jaya kombes ade ary syam indradi hubung jumat 922024ya kasih tamara tangkap jajar subdit jatanras polda metro jaya sidik tangkap saudara ya kait peristiwa tinggal putra saudari tamara adeade ya tangkap ya periksa polda metro jayapenangkapan daerah pondok kelapa rumah adekasus mati dante tingkat sidi polisi temu lalai sebab korban tinggal dunia
7184481,            Berita        ,"Pemilih Muda Ada 56%, Waka MPR: Masa Depan RI Ditentukan Generasi Saat Ini","Jumat, 09 Feb 2024 00:38 WIB",Erika Dyah  ,wakil ketua mpr sjarifuddin hasan harap generasi milenial konsisten partisipasi aktif milu 2024 harap milenial hak pilih mungut suara tanggal 14 februari 2024dalam dialog gelar hotel gino feruci cianjur kamis 82 50 orang ajar mahasiswa syarief hak pilih milu pilih sangkut wakil orang lainjadi generasi milenial pilih milu 2024 generasi milenial perhati peduli nasib bangsa negara indonesia syarief terang jumat 922024 generasi milenial kelompok pilih besar milu 2024 pilih milenial milu 2024 capai 56 persen pilih 205 juta orangjadi indonesia tentu kalang generasi milenial tuturnyadengan potensi syarief hasan generasi milenial pimpin depangunakan sempat peluang sebaikbaiknya pimpin pimpin tingkat nasional daerah tingkat siap pimpin terang anggota dpr daerah pilih kabupaten cianjur kota bogor inisyarief kalang generasi milenial peran salah ciri kalang milenial sikap pantang serah sebut anakanak muda mudah bangkit cepat move on raih citacitasikap pantang serah jaga tahan bekal pimpin pinta mantan menteri koperasi ukm perintah susilo bambang yudhoyono 20092014 inisyarief hasan generasi milenial ajak temantemannya partisipasi milu 2024 milu 2024 sistem terbukacalon anggota legislatif caleg dpr dpd dprd tera surat suara sesuai nomor urut caleg sangkut bilik suara pilih coblos caleg hendak wakil lembaga legislatif pilih coblos pasang calon presiden calon wakil presiden kertas suarasiapa pilih caleg pasang caprescawapres suara tuturnyalebih temu bahas isu kait negara milu 2024 wenang lembaga negara dpr mpr masalahmasalah hadap milenial didik kerja sebagainyasyarief sebut milenial partisipasi milu hak pilih milenial komplain ketidakpuasan jalan perintah milenial hak pilih komplain lembaga legislatif pemerintahdalam negara demokrasi ketidakpuasan protes atur undangundang hak pilih milu ketidakpuasan protes salah tanggung generasi milenial pungkas wakil ketua mpr fraksi partai demokrat
7184477,            Berita        ,Polisi Tangkap Kekasih Tamara Tyasmara Terkait Kematian Dante,"Jumat, 09 Feb 2024 00:38 WIB",Yogi Ernes  ,sidi mati dante 6 anak artis tamara tyasmara pasuk babak kasih tamara inisial ya ditangkappenyidik tangkap saudara ya kait peristiwa tinggal putra saudari tamara kabid humas polda metro jaya kombes ade ary syam indradi hubung jumat 922024ade ya tangkap ya periksa polda metro jaya tangkap daerah pondok kelapa rumah adekasus mati dante tingkat sidi polisi temu lalai sebab korban tinggal dunia
7184473,            Pemilu        ,PPP Harap Pers Indonesia Jadi Garda Terdepan Kawal Pemilu Jujur & Adil,"Jumat, 09 Feb 2024 00:38 WIB",Inkana Putri  ,sekjen ppp arwani thomafi pers indonesia konsisten awal selenggara milu 2024 jalan demokratis ingat pers nasional hpn 2024 harap pers kukuh peran jaga demokrasi indonesia ingat pers nasional 2024 harap pers kukuh pilar selenggara demokrasi indonesia ppp nilai pers indonesia konsisten awal proses demokratisasi jalan arwani terang jumat 922024 anggota komisi i dpr ri proses milu 2024 pers peran awal tahap kritisi tahap media hubung narasi publik khalayak turut peran jalan proses milu jalan harap pers indonesia garda depan awal tahap milu jalan jujur adil arwaniarwani pers salah pilar gelar milu 2024 milu 2024 jalan pers jalan peran baiksalah elemen milu jujur adil fungsi pers indonesia kontrol laksana milu 2024 arwaniia harap pers indonesia jalan peran depan pers adaptasi industri media cepat iring pesat tumbuh digital indonesia pers indonesia adaptif iring kembang digital masif indonesia moga pers indonesia maju pungkas arwani
7184450,            Pemilu        ,"Menangis Curhat ke Anies, Nelayan Caleg PKS Bantah Anggapan Gimik","Jumat, 09 Feb 2024 00:38 WIB",Rachmat Ariadi  ,nelayan nama sappe caleg pks viral media sosial curhat menang capres nomor urut 1 anies baswedan kampanye kota parepare sulawesi selatan sulsel sappe ban aksi settinganbuzzer paslon bilang gimmick sandiwara serah anggap sappe lansir detiksulsel rabu 722024 malamsappe aku haru bangga hadap langsung anies gimik masyarakat nelayan parepare harap anies presiden menang dibuatbuat gimmick sandiwara haru bangga hadap langsung calon presiden bawa ubah negara katanyakami nelayan masyarakat parepare titip harap beliau jabat presiden sambungnyalebih tanggap kritik netizen kait tampil nelayan kes dibuatbuat sappe kostum sengaja identitas nelayanya nelayan tampil nelayan lokasi kampanye pinggir pantai banyak komentarkomentar buatbuat katanyabaca lengkap
7184449,            Pemilu        ,"Dugaan Kecurangan di Malaysia, KPU Ungkap Ada 1.972 Surat Suara Dicoblos","Jumat, 09 Feb 2024 00:38 WIB",Wilda Hayatun Nufus  ,kpu dalam informasi kait surat suara coblos malaysia kpu ungkap 1972 surat suara coblos orang berwenangsaat informasi oleh ppln kuala lumpur awas milu negeri kuala lumpur dalam informasi anggota kpu idham kholik hubung jumat 922024informasinya 1972 surat suara coblos orang wenang idham kpu tunggu informasi panwaslu ln kuala lumpur kait informasi tersebutkami tunggu informasi hasil dalam telaah panwaslu ln kuala lumpur ujarnyasebelumnya badan awas milu bawaslu ri telusur duga curang surat suara mungut surat suara negeri tpsln malaysia coblos bawaslu ecek benar kait kondisi tersebutiya telusur panwaslu kuala lumpur proses anggota bawaslu ri lolly suhenty wartawan rabu 72lolly aku sulit awas distribusi surat suara metode pos lolly sebut tiada anggar kendala tersebutiya pos hubung bijak negara maksud bawaslu awas proses siap kirim data pilih pos nama tuju sesuai alamat proses datang surat suara
7184440,            Pemilu        ,Prabowo Apresiasi Zulhas: Saya Tidak Akan Pernah Lupa dengan PAN,"Jumat, 09 Feb 2024 00:38 WIB",Alfi Kholisdinuka  ,calon presiden nomor urut 2 prabowo subianto hadir kampanye akbar tajuk temu kader pagelaran anak negeri stadion gelora bandung laut api gbla bandung jawa barat sempat prabowo terima kasih ketua partai amanat nasional pan zulkifli hasan zulhassaudarasaudara terima kasih zulkifli hasan keluarga partai amanat nasional tanggung selenggara terima kasih keluarga partai amanat nasional prabowo sambut stadion gbla kamis 822024menurutnya pan partai milik loyalitas pan dukung prabowo 2009 prabowo aku lupa loyalitas saudarasaudara setia 15 bersamasama lupa lupa partai amanat nasional lupa ungkapnyaoleh prabowo apresiasi kader simpatisan masyarakat dukung pan rela tunggu kampanye akbar prabowo terima kasih masyarakat luang hadir giat iniluar warga jawa barat saudarasaudara berjamjam tunggu hujan deras saudara anjak terima kasih ucapnyaprabowo laksana wajib warga negara 14 februari turut momentum tentu bangsasaudarasaudara sebentar 6 laksana wajib warga negara 14 februari saudarasaudara tentu anakanak cucucucu kitajangan lupa pungkas
7184433,            Pemilu        ,Momen Zulhas dan Gus Miftah Pimpin Selawat Doakan Prabowo-Gibran,"Jumat, 09 Feb 2024 00:38 WIB",Alfi Kholisdinuka  ,ketua partai amanat nasional pan zulkifli hasan zulhas pimpin selawat gus miftah kampanye akbar pan selawat khusus doa menang pasang calon nomor urut 2 prabowo subianto gibran rakabumingpantauan detikcom stadion gelora bandung laut api gbla laut massa padat lokasi guyur hujan deras massa dengar selawat gus miftah langsung khusyu ikut lantun selawat tersebutzulhas gus miftah tani dukung koalisi indonesia maju kim hadir panggung ketua dewan pakar pan dradjad wibowo ketua majelis nasihat pan hatta rajasa sekretaris jenderal sekjen pan eddy soeparno ketua tkd jawa barat ridwan kamil giring ganesha raffi ahmad nagita slavina calon wakil presiden gibran rakabuming raka telah prabowo damping menteri bumn erick thohir ketua tim kampanye nasional tkn prabowogibran ros roeslani eks politikus pdip maruarar siraitbeginilah syair selawat lantun zulhas gus miftah gibran masyarakat kampanye akbarshalaatullaah salaamullaah alaa thaaha rasuulillaahshalaatullaah salaamullaah alaa yaa siin habiibillaahjoko tingkir minum kopi kopi tanam pinggir kaliayo pikir negeri prabowo lagishalaatullaah salaamullaah alaa thaaha rasuulillaahshalaatullaah salaamullaah alaa yaa siin habiibillaahminum kopi nikmat makan goreng katelamari ngaji selawat prabowo gibran indonesiashalaatullaah salaamullaah alaa thaaha rasuulillaahshalaatullaah salaamullaah alaa yaa siin habiibillaahtawassalnaa bibismillaah wabil haadi rasuulillaahwakulli mujaahidin lillaah bi ahlil badri yaa allaah
7184414,            Pemilu        ,Menag Imbau Khatib Jumat 9 Februari Sampaikan Pesan Pemilu Damai,"Jumat, 09 Feb 2024 00:38 WIB",Yulida Medistiara  ,menteri agama menag yaqut cholil qoumas imbau khatib jumat pesan milu damai jelang coblos tinggal yaqut khatib aja harga beda pilih politikyaqut surat dirjen bimbing masyarakat islam kemenag kepala kanwil kemenag provinsi kepala badan sejahtera masjid bkm tingkat provinsi kepala kankemenag kabupatenkota kepala bkm kabupatenkota jaga kondusivitas umat sakralitas masjid wilayah cegah aktivitas politik praktis masjidsurat kepala kantor urus agama camat ketua bkm camat ketua bkm kelurahandesa ketua urus dewan makmur masjid dkm laksana milu imbau khatib jumat pesan sukses milu damai kuat saudara ruku dorong umat hak suara tanggung harga beda pilih politik menag yaqut terang jumat 922024menag imbau urus masjid guna masjid kampanye politik dukung paslon tertentupengurus bkm pusat desa imbau masjid kampanye politik praktis dukung partai paslon imbuhnyadalam selenggara khotbah jumat urus kelola masjid ceramah pedoman sosialisasi surat edar menteri agama nomor se09 2023 pedoman ceramah agama materi ceramah agama sifat didik cerah konstruktif tingkat iman ketakwaaan jaga utuh bangsa negara mempertetantangkan ras hina leceh hasut muat kampanye politik praktisselain tokoh agama yaqut imbau pesan milu damai jemaatdemikian tokoh agama imbau pesan umat masingmasing sempat ibadat jumpa sambungnyamenag yaqut milu pesta demokrasi selenggara layak pesta proses harap jalan penuh riang gembirayaqut masyarakat harga pilih politik masingmasing yaqut pesan beda pilih politik menciderai persaudaraanperbedaan pilih politik wajar orang harga mahal beda pilih politik rusak saudara ujarnyabeda pilih politik cedera saudara sahabat rumah ibadah harap ambil peran kuat kohesi rukun ragam umat ragam pilih politik sambungnyayaqut sebut hiruk pikuk milu normal warga bangsa hak suara hidup masingmasing sesuai tugas sembari pantau proses hitung komisi pilih kpukami kpu professional tanggung bawaslu lembaga awas laksana tugas ujarnyabakal gelar doa lintas imankementerian agama gelar doa lintas iman 11 februari yaqut giat dukung moral sukses milu 2024kementerian agama undang tokoh agama doa lancar proses milu sukses indonesia mendatanginsyaallah 11 februari gelar doa undang tokoh agama doa sukses milu maju bangsa pria akrab sapa gus men itudoa ikut daring tokoh agama masyarakat indonesia sambungnyaberikut imbau dirjen bimas islam kakanwil kemenag provinsi kakankemenag kabupatenkota kepala kua camat ketua badan sejahtera masjid bkm wilayah nya masingmasing ketua urus dewan makmur masjid dkm takmir masjid untuk1 jaga kondusivitas umat sakralitas masjid wilayah cegah aktivitas politik praktis masjid gejala politisasi masjid polarisasi umat tangan koordinasi pihakpihak wenang wilayahnya2 dorong urus kelola masjid pedoman sosialisasi surat edar menteri agama nomor se09 2023 pedoman ceramah agama lampir penceramahdai khatib jumat segenap jamaah masjid dan3 imbau khatib jumat pesanpesan milu damai saudara rukun nasional doa sukses milu utuh bangsa khutbah tanggal 9 februari 2024 datangberikut tentu materi ceramah agama tuang edar menag no 09 2023a sifat didik cerah konstruktifb tingkat iman ketakwaaan hubung intra antarumat agama jaga utuh bangsa negarac jaga pancasila undangundang dasar negara republik indonesia 1945 negara satu republik indonesia bhineka tunggal ikad tentang unsur suku agama ras golongane hina noda danatau leceh pandang yakin praktik ibadat umat agama muat ujar kebencianf provokasi masyarakat tindak intoleransi diskriminatif intimidatif anarkis destruktif dang muat kampanye politik praktissimak video budi arie milu damai menang kalah gambasvideo 20detik
7184400,            Pemilu        ,Fahira Idris Ingatkan Pemilu Hanya Instrumen Capai Tujuan Berbangsa,"Jumat, 09 Feb 2024 00:38 WIB",Erika Dyah  ,anggota dpd ri dapil dki jakarta fahira idris milu tuju negara indonesia turut milu instrumen alat capai tuju bangsa negara cantum buka konstitusisebagaimana tuju bangsa lindung segenap bangsa indonesia tumpah darah indonesia maju sejahtera cerdas hidup bangsa laksana tertib dunia dasar merdeka damai abadi adil sosialmengingat suasana kampanye hangat jelang coblos fahira ajak anak bangsa elite refleksi makna milu instrumen alat milu instrumen alat wujud amanat konstitusi proses sesuai prinsipprinsip demokrasi pimpin wakil rakyat pilih legitimasi tugas warga negara calon anggota dpd ri dapil dki jakarta milu 2024 terang tulis jumat 922024ini awal pilih kuasa penting penting gelintir orang imbuhnyaia milu negara demokrasi indonesia instrumenalat temu beda pandang politik capai konsensus pakat tentu lanjut jalan bangsa depanperbedaan pandang runcing anggap proses cari kandidat nilai ideal cepat tuju bangsa cantum buka konstitusi papar fahirapemilu alat legitimasi perintah wakil rakyat pilih demokratis cegah konsolidasi kuasa tangan individu kelompok ancam prinsipprinsip demokrasi sambungnyaia nilai gegap gempita selenggara milu 2024 pandang fondasi sistem demokrasi fungsi harap warga negara milik hak pilih wakil proses ambil putus politiklebih fahira milu momentum hadir kala rakyat pegang saham besar indonesia legitimasi perintah parlemen pilih milu gelar pilih dasar hendak rakyat tindak sesuai penting penting golong
7184388,            Berita        ,Cerita Ipda Nurhilal Bangun Rumah Yatim dan Pondok Tahfiz Gratis di Pangkep,"Jumat, 09 Feb 2024 00:38 WIB",Arief Ikhsanudin  ,ipda muhammad nurhilal diri rumah yatim pondok tahfiz al hilal kampung bawang lompoa lurah labakkang camat labakkang pangkajene pulau pangkep sulawesi selatan sulsel ipda nurhilal kenal polisi peduli didik anak bidang agamasalah usul ipda nurhilal kandidat hoegeng awards 2024 ferry ferry sebut nurhilal polisi dakwah dai ferry form usul hoegeng awards 2024bangunan rumah tahfiz yatim diri milik dakwah ferry milik pondok tahfidz quran putri yusuf alfatih gratis maros komunitas ipda nurhilal komunitas dakwah keren indonesia ferry nurhilal milik rumah yatim pondok tahfiz mandiri pungut gratisitu lahan milik damping orang tua anak kelola beliau meni istri ngurusin pondok beliau aktif polda sulsel ferry dihubungiferry nurhilal bantu pondok ferry aku sumbang barang nurhilalbeliau salah anggota polri sosial ajak baik awalawal diri pondok beliau kerang susun katanyasaat hubung nurhilal jabat pamin urmintu subbagrenmin ditbinmas polda sulsel cerita alas bangun rumah yatim pondok tahfiz pangkep kunjung giat panti asuh gerak bangun rumah yatim sendirikebetulan tanah kampung tanah pribadi ramadhan 2019 bismillah niat bangun rumah yatim pondok tahfiz nurhilal dikonfirmasidia nilai anak zaman gampang pengaruh buruk gadget kampung halaman kampung bawang lompoa jarang anakanak mengajikarena kampung jarang guru ngaji anakanak zaman anak gadget lainlain situ pikir asuh anak yatim anak kampung katanyadia diri rumah yatim pondok tahfiz al hilal tanah ukur 20x30 meter persegi uang lomba dai stasiun tv uang sumbang dakwah sumbang bangun gazebo aji tinggal anak yatimkalau gazebo rp 30 juta bangun rp 200 juta katanyadia mungut bayar anak asuh anakanak kampung ajar aji delapan anak yatim 75 anakanak kampung aji nurhilalmeski murid beban biaya nurhilal bayar 2 guru ngaji perlu anak yatim uang sekolah makan nurhilal sebut operasional rumah yatim pondok tahfiz rp 12 jutaini jalan donatur pakai gaji katanyadengan diri rumah yatim pondok tahfiz nurhilal harap hidup anak yatim kampung pangkap anak yatim telantar jalan emis lainnyasaya peduli khawatir anak yatim hidup layak sejahtera jalan mintaminta uang sejahtera duafa katanyamudah mudah nilai agama pondasi hadap jaman moga generasi agama akhlak alquran katanyapenghargaan terima ipda m nurhilal2014 final dai muda indonesia mnctv2015 final aksi indosiar2017 juara i polisi teladan tingkat polda sulsel2021 final dai polri
7184385,            Berita        ,Tentang Temuan Penting di CCTV Kasus Tewasnya Anak Tamara Tyasmara,"Jumat, 09 Feb 2024 00:38 WIB",Mei Amelia Rachmat  ,polisi temu temu mati dante 6 anak tamara tyasmara temu isi rekam cctv kolam renang dante tewas tenggelamhasil periksa digital forensic dokter forensik dapat kasubdit jatanras ditreskrimum polda metro jaya akbp rovan richard mahenu wartawan kamis 822024polisi beber hasil periksa digital forensic dokter forensik meyebut hasil periksa ahli informasi proses bukti sidi mati dante hasil pasti temu rekam cctv imbuhnyapolisi informasi transparan kait kembang ahli hadir hasil periksa forensik tersebutkita transparan hadir ahli digital forensic dokter forensik detail hasil temu tuturnyapenyidik subdit jatanras ditreskrimum polda metro jaya gelar perkara gelar perkara sidik tentu sangka kait mati dantehari gelar perkara tentu sangka rovan kamis 82
7184375,            Pemilu        ,"Gelar Tebus Murah Sembako di 9 Daerah, Barisan RFG Salurkan 12 Ribu Paket","Jumat, 09 Feb 2024 00:38 WIB",Inkana Putri  ,baris rawan for gibran baris rfg gelar tebus murah sembako tms serentak 9 titik lokasi giat gelar 6 provinsi 5 kota 4 kabupatenkesembilan titik sumatera selatan kabupaten ogan komering ilir banten kota tangerang selatan kota tangerang kabupaten tangerang jawa barat kota bekas kabupaten karawang jawa timur kota probolinggo sulsel kota parepare sultra kabupaten konawe ketua dewan bina baris rfg reza fahlevi terang jumat 922024lebih reza giat gelar serentak berturutturut tanggal 8 9 10 februari giat pagi sore total paket sembako 3 48 ribu paket total paket tebus warga sembilan titik tms serentak 12 ribu paket sembako rezasecara rinci reza sembako bagi kabupaten oki 2000 paket tangerang selatan 1000 paket kota tangerang 1000 paket kabupaten tangerang 1000 paket kota bekas 1000 paket kabupaten karawang 1000 paket kota parepare 2000 paket kota probolinggo 2000 paket kabupaten konawe 1000 paketreza giat baris rfg sasar pilih dekat giat sosial tebus murah sembako makan siang gratis daya umkm lokal sebagainyaselain baris rfg libat komunitas motor ormas umkm bina gamers kolaborasi pemuda karang taruna gerak kampung kampung masuk lingkung mukim padat duduk majelis talim emakemak jelasnyabarisan rfg reza optimistis giat dampak langsung kans prabowogibran menang putarankita lihat banding 2014 2019 antusias masyarakat masyarakat gotong royong kreatifitasnya acara kenal kampanye prabowogibran sukarela arti rawan berangkat uang bekal bentuk peduli menang prabowo mata menang menang rakyat indonesia rezasementara koordinator nasional baris rfg abdul karim rahanar total giat tms 18 provinsi jangkau pulau indonesia 104 titik lokasi paket sembako capai 200 ribu paketsejak start desember 2023 kampanye pilpres 2024 baris rfg konsisten kampanye sosialisasi prabowogibran iring giat sosial tebus murah sembako daya umkm makan siang gratis pungkas karim
7184379,            Pemilu        ,Cerita Ahok Dulu Dukung Jokowi Meski Ada Ma'ruf karena Nawacita,"Jumat, 09 Feb 2024 00:38 WIB",Tim detikcom  ,kritik politikus pdip basuki tjahaja purnama btp ahok presiden joko widodo jokowi proses pilpres 2024 lanjut ahok rela dukung jokowi duet wapres maruf amin pilpres 2019ahok pdip tugas jokowi jalan nawacita ahok aku rela dukung jokowi pilpres 2019 maruf aminpdip tugas presiden kerja nawacita rela dukung jokowi maruf ahok detikcom kamis 82 ahok nawacita trisakti presiden ri ke1 sukarno terus presiden jokowi 10 ganjar pranowokuncinya nawacita trisakti karno terus jokowi 10 ganjar ahokahok angkat bicara viral video kerja presiden jokowi wali kota solo gibran rakabuming raka viral ahok singgung nawacitaini nawacita ahokhalaman 1 2 ahok basuki tjahaja purnama btp jokowi presiden jokowi maruf amin wapres maruf amin pilpres 2019 pilpres 2024 pdip pdi juang tkn prabowogibran prabowogibran politik detikpemilu roundup ulas debat pilpres 2024temukan analisa debat caprescawapres pilih detikpemilulihat
7184374,            Pemilu        ,"Ahok Ungkit Dukung Jokowi Meski Ada Ma'ruf, TPN Ganjar Bicara Begini","Jumat, 09 Feb 2024 00:38 WIB",Rolando Fransiscus Sihombing  ,politikus pdip basuki tjahaja purnama btp ahok aku rela dukung presiden joko widodo jokowi wapres maruf amin tpn ganjar pranowomahfud md nilai ahok jokowi jalur ideologiyang paham garis juang ahok ideologi jokowi jalan ideologi lurus ahok jalan jubir tpn ganjarmahfud imam priyono wartawan kamis 822024tapi ahok kritik imbuh imam imam kritik ahok jokowi murni pikir ahok imam iya menep kritik ahok strategi tpn ganjarmahfudmurni pikir beliau dukung apresiasi ujarnyaahok pdip tugas jokowi jalan nawacita ahok aku rela dukung jokowi pilpres 2019 maruf aminpdip tugas presiden kerja nawacita rela dukung jokowi maruf ahok detikcom kamis 82ahok nawacita trisakti presiden ri sukarno terus presiden jokowi 10 ganjar pranowokuncinya nawacita trisakti karno terus jokowi 10 ganjar ahok
7184371,            Pemilu        ,"Kolaborasi dengan Nelayan Konawe, Barisan RFG Gelar Tebus Murah Sembako","Jumat, 09 Feb 2024 00:38 WIB",Erika Dyah  ,baris rawan for gibran baris rfg gelar tebus murah ribu paket sembako enam kali lokasi beda kabupaten konawe sulawesi tenggara sultra sempat baris rfg kolaborasi 2 komunitas nelayan kabupaten konaweketua dewan bina baris rfg reza fahlevi kolaborasi sesuai komitmen prabowogibran perhati ekonomi nelayan giat tebus murah sembako libat kelompok nelayan untuk keluarga nelayanpak prabowo mas gibran milik program khusus tingkat sejahtera nelayan pilih pilpres 2024 beliau dua juang kuat tenaga nelayan sejahtera reza terang tulis jumat 922024 reza paslon nomor urut 02 terima mandat juang mampu daya upaya baik taraf hidup nelayanpak prabowo mas gibran tingkat sejahtera ekonomi nelayan kuat pasar lokal baik sistem distribusi tingkat nilai produk ikan jelasnyaselain reza prabowogibran janji jamin akses sumber daya ikan penuh butuh alat teknologi latih nelayanpaslon koalisi indonesia maju janji tingkat infrastruktur aksesibilitas pada nelayan baik bangun labuh sarana transportasi tunjang rezasementara koordinator daerah baris rfg kabupaten konawe imam sani s giat tebus murah sembako lapang bola desa walay camat abuk kabupaten konawe sulawesi tenggara selasa 62barisan rfg optimis prabowo mas gibran menang telak kabupaten konawe 6 titik gelar tebus murah sembako target 10 titik beda pungkas
7184358,            Pemilu        ,Balasan Gibran soal 'Senior dan Mentor' Usai Ahok Lempar Kritikan,"Jumat, 09 Feb 2024 00:38 WIB",Tim detikcom  ,politikus pdip basuki tjahaja purnama alias ahok lempar kritik presiden joko widodo jokowi wali kota walkot solo putra sulung gibran rakabuming kritik lantas balas gibranvideo isi ahok kerja jokowi gibran viral media sosial medsos video viral rabu 72 anggota keluarga pilih pasang nomor urut 2 prabowogibranahok pilih presiden sehat emosional kerja ahok khawatir tibatiba gibran jabat lagipula khawatir tibatiba gibran ahok panggung latar gambar pasang nomor urut 3 ganjar pranowomahfud mdmenurut bagus gibran jabat ahok bukti gibran kerja singgung jokowi anggap kerjatapi presiden 2 karakter uji kuasa bukti gibran kerja wali kota jokowi kerja ahokahok video sungguh enggan bicara forum buka turut adil pilih presiden dasar mampu kerjanah debat nggak enak ngomong pilih prabowo hak fair pilih presiden dasar mampu kerja ahokahok bicara kupang nusa tenggara timur ntt kalimat potong maksud kerja kerja partaisaya maksud nyata jokowi gibran nggak kerja partai ahok lansir detikbali rabu 72pernyataan dipotongpotong potongpotongan buni yani biasa biar orang makimaki katanyagibran tanggap gibran aku kritik ahok anggap senior mentoroh nggak apaapa masuk kritik ahok senior mentor ya terima gibran edutorium ums surakarta jawa kamis 822024saat nilai gibran kerja ahok gibran nilai ahok jabat gubernur wakil gubernur komisaris pertamina baikkinerja ahok bagus bagus bagus gubernur wakil gubernur komisaris
7184347,            Pemilu        ,Demokrat Ungkap Obrolan AHY dan Gibran saat Makan Soto di Solo,"Jumat, 09 Feb 2024 00:38 WIB",Rolando Fransiscus Sihombing  ,tum partai demokrat pd agus harimurti yudhoyono ahy makan soto bareng cawapres nomor urut 2 gibran rakabuming raka obrol keduanyaketua bappilu partai demokrat andi arief damping ahy ahy gibran hadir aji muslimat nu solo kamis 822024acara acara temu aji sosialisasi muslimat nu ada solo hadir bu khofifah hadir ahy hadir gibran andi arief aji gibran ajak ahy makan ahy gibran santap soto salah rumah makan solosetelah gibran undang makan ya habis pulang makan pulang jakarta gitu andiandi arief obrol khusus ahy gibran santap soto andi obrol kondisi politik umumngobrol halhal nggak khusus ngobrol politik umumumum aja imbuhnyagibran makan ahy gus miftah hadir acara isra miraj edutorium ums surakartapara tokoh makan soto segar hj fatimah solo kamis 82 gibran ahy gus miftah makan soto tiga bincang makan sotogibran ahy kena pakai warna putih gus miftah kena pakai warna biru
7184342,            Pemilu        ,"Gaet Aktivis Cipayung, Barisan RFG Sosialisasikan Paslon 02 di Banyuasin","Jumat, 09 Feb 2024 00:38 WIB",Hana Nushratu Uzma  ,baris rawan for gibran baris rfg gelar tebus murah sembako kabupaten banyuasin sumatera selatan kali baris rfg gandeng aktivis mahasiswa kelompok cipayungketua dewan bina baris rfg reza fahlevi kampanye rawan rangkai giat sosial tebus murah 1000 paket sembako makan siang gratis 3000 porsi borong umkm lokalkami gandeng aktivis mahasiswa kelompok cipayung himpun mahasiswa islam hmi ikat mahasiswa muhammadiyah imm gera mahasiswa islam indonesia pmii kabupaten banyuasin bantu masyarakat giat tebus murah sembako reza terang tulis jumat 922024 reza tekan proses politik asai pemuda estafet pimpin kancah politik majuimbasnya negara masyarakat sejahtera bijak politik idealbarisan rfg edukasi politik individu generasi muda sukarela aktif libat bidang politik peran paham masyarakat perihal didik politik tukas rezajika masuk rawan gerak edukasi politik tugas edukasi masuk perihal bijak politik situ peran baris rfg pemuda libat masuk mang bijak sambungnyalebih reza peran rawan situ turun langsung masyarakat door to door bawa kampanye keluarga arah pasarpasar terminal wilayah basis warga kenal internet tv media sosialitu sasar baris rfg rezareza organisasi resmi baris rfg suksesi menang prabowogibranjika milu baris rfg awal mensupport jalan bangun gelar giat sosial masyarakat budaya didik sesuai tagline juang gerakanindonesiacerdas rezasementara koordinator daerah baris rfg sumatera selatan fadli rumakefing giat tebus murah sembako jl sabar jaya rt09rw02 no530 lurah mariana ilir camat banyuasin kabupaten banyuasin sumatera selatan selasa 62 sorebarisan rfg aktivis mahasiswa kelompok cipayung awal menang prabowogibran sumsel tebus murah sembako dampak positif elektoral paslon 02 pungkas fadli
7184341,            Berita        ,Pria Berambut Pirang Diburu Buntut Tewasnya 'Cinderella',"Jumat, 09 Feb 2024 00:38 WIB",Tim detikcom  ,wanita banyuasin sumatera selatan tibatiba alami kejangkejang joget pesta nikah korban disebutsebut alami overdosis minum narkobakejadian rekam video amatir warga viral jagat maya pria rambut pirang duga cekok korban miras narkoba buru polisiperistiwa desa sukapindah camat rambutan rabu 72 sore korban pria rambut pirang pesta nikah tewas cinderella rekam video amatir edar media sosial rekam video edar korban asyik joget nikmat musik remix hajatanwanita usia 29 tani pria rambut pirang tamu undang duduk bangkutak wanita baju hijau sage kejangkejang pangku pria pirang korban kabar tewas alami kejangkejangkapolres banyuasin akbp ferly rosa putra benar narasi korban tewas overdosis peristiwa sebut pesta hajat nikah desa sukapindah camat rambutan rabu 72 soreiya jadi korban inisial rad rumah tangga ferly lansir detiksumbagsel kamis 82kejadian 13001500 wib acara hibur musik dangdut kenal organ tunggal ot pesta nikah anak fatan milik hajat 1500 acara hibur musik dangdut alih musik remix 1700 wibbaca lengkap halaman selanjutnyahalaman 1 2 wanita tewas overdosis wanita tewas banyuasin viral detiksumbagsel hukum jabodetabek roundup
7184340,            Pemilu        ,"Usai Padati Kampanye Prabowo-Gibran di GBLA, Relawan RUMI Siap Birukan GBK","Jumat, 09 Feb 2024 00:38 WIB",Tim detikcom  ,rawan maju indonesia rumi padat kampanye akbar prabowo subiantogibran rakabuming raka stadion gelora bandung laut api gbla bandung jawa barat janji biru kampanye akbar prabowogibran stadion utama gelora karno sugbk jakartaketua hari rawan rumi arif susanto kamis 92 5000 rawan rumi hadir kampanye paslon capres cawapres nomor urut 2 tersebutmeskipun tahan jalan macet parah rawan hadir semangat awal suara prabowogibran coblos besok arif kampanye akbar gbla kuat suara prabowogibran jawa barat lung menang putar besarsementara sekjen rawan rumi irfan ahmad fauzi apresiasi upaya tim kampanye daerah tkd jabar keras selenggara kampanye akbar hujan deras guyur gbla serta semangat ikut acara irfanbagi irfan kampanye akbar puncak juang rawan riah kampanye akbar buah kunjung pintu pintusetelah kunjung door to door ratus ribu rumah sapa ribu tokoh acara momen menang masyarakat jawa barat irfanirfan rawan rumi biru sugbk kampanye akbar 10 februari 2024 10 februari jadwal kampanyetapi juang selesai tanggal 10 rawan rumi turun riah gbk massa irfan
7184335,            Pemilu        ,Nusron Balas Cak Imin soal 'Kuliah Hukum Disuruh Pilih Pelanggar Hukum',"Jumat, 09 Feb 2024 00:38 WIB",Rolando Fransiscus Sihombing  ,cawapres nomor urut 1 muhaimin iskandar cak imin sentil konten viral media sosial rugi kuliah hukum pilih langgar hukum tkn prabowo subiantogibran rakabuming raka balas sindir cak iminjawab capekcapek kuliahkuliah suruh pilih kardus durian rugi sekretaris tkn prabowogibran nusron wahid wartawan kamis 822024tak pesan nusron wahid cak imin sindir hukum ya pesan imbuh nusron cak imin safari poltik bandung jawa barat cak imin sentil konten viral media sosial rugi kuliah hukum pilih langgar hukumhal cak imin orasi politik gor ctra arena kota bandung jawa barat kamis 82 cak imin konten sosial mediatapi sosmed muncul cak imin orasi politiknyacak imin konten viral konten bunyi capekcapek kuliah hukum suruh langgar hukumcapekcapek kuliah hukum lihat nggak capekcapek kuliah hukum suruh milih langgar hukum rugi
7184333,            Berita        ,Berbondong-bondong ke Luar Jakarta saat Libur Panjang 4 Hari Lamanya,"Jumat, 09 Feb 2024 00:38 WIB",Tim detikcom  ,arus lintas alami padat pasuk libur long weekend kendara jakarta alami tingkat ruas jalan toljasa marga catat tingkat volume kendara ruas tol jakartacikampek merak ciawi total volume lintas tinggal wilayah jabotabek libur kali tingkat banding lalin normalpihak polisi rekayasa lintas ruas jalan tol antisipasi padat salah satu terap contraflow one way jasa marga catat 181431 kendara h1 long weekend rabu 71 alami tingkat banding lintas normaltotal volume lintas tinggal wilayah jabotabek tingkat 3705 banding lalin normal 132387 kendara corporate communication community development group head pt jasa marga persero tbk lisye octaviana terang pers kamis 82angka angka kumulatif arus lintas lalin gerbang tol gt barrierutama gt cikupa arah merak gt ciawi arah puncak gt cikampek utama arah trans jawa gt kalihurip utama arah bandungsementara distribusi lintas tinggal jabotabek mayoritas timur tol trans jawa bandung 88462 kendara barat tol merak 53493 kendara selatan tol puncak 39476 kendaraanbaca rekayasa lintashalaman 1 2 long weekend libur lalin tol cikampek jabodetabek
7184331,            Pemilu        ,Habib Rizieq Minta Jemaah Dukung TNI/Polri Ciptakan Pemilu Damai,"Jumat, 09 Feb 2024 00:38 WIB",Rizky Adha Mahendra  ,habib rizieq shihab jemaah dukung langkah tnipolri cipta milu jujur adil habib rizieq milu jalan damaiawalnya habib rizieq cerita orang polisi temu sebut polisi asal mabes polri polda metro jayabeberapa datang anggota polisi pimpin kombes asal mabes polri polda metro jaya habib rizieq acara istighosah kubro pademangan jakarta utara kamis 922024 semenjak km 50 polisi berani rumah kemarin sabagai tamu hormat sambut sopan santun visi misi katanyamenurut habib rizieq polisi visi misi bagus program cipta suasana milu 2024 aman damaijadi visi misi bagus beliau polisi program cooling system maksud pilpres suasana politik panas bentur masyarakat tugas kapolri jajar cipta cooling system umat sejuk umat damai pilpres ribut chaos rusuh ucapnyahabib rizieq dengar program cooling system puji program nasihatsaya dengar program dukung habib ulama program milu damai terima puji program nasihat katanyasaya kapolri milu damai gelar milu jujur adil milu jujur adil niscaya damai teriak milu damai ente curang yeee damai katanyahabib rizieq komitmen ajak jemaah cipta milu damai jemaah bantu tnipolri cipta suasana milu damaikami ajak umat islam indonesia dukung tni polri cipta milu jujur adil cobacoba acau milu bantu tnipolri aman buat curang milu
7184326,            Pemilu        ,Bantahan AMIN soal Settingan Nelayan Caleg PKS Curhat ke Anies Baswedan,"Jumat, 09 Feb 2024 00:38 WIB",Tim detikcom  ,viral media sosial nelayan nama sappe curhat capres nomor urut 1 anies baswedan kampanye kota parepare sulawesi selatan sulsel ungkap sappe caleg dprd kota parepare partai adil sejahtera pks salah partai usung anies pilpres 2024momen anies kampanye lapang lumpue bacukiki barat kota parepare selasa 62 lelaki pakai tani suara keluh menang panggung sebut nelayan sulit bahan pangansaya nama sappe wakil lapis masyarakat sulawesi selatan masyarakat nelayan susah bahan pangan sulit sappe pegang tangan anies isak saudarasaudara tani sulit mahal butuh makan gratis butuh susu gratis butuh tara video beredardalam video viral sappe caleg pks netizen narasi curhat sappe anies gimmick pks salah partai dukung anies baswedanrespons timnas aminterkait viralnya video narasi gimmick jubir timnas amin indra charismiadji aku masalah turut sosok sangkut suara aspirasi rakyat masalahpada dasar rawan macammacam latar belakang nelayan tani ojol dagang pasar caleg lainlain indra wartawan kamis 822024indra sebut masalah sosok curhat anies calon legislatif caleg indra sebut acara kampanye anies baswedan untuk siapapunsaya ketemu ojol anggur caleg hehehe suara keluh guruguru nggak salah caleg nasdem indrafokus substansi gitu nggak nelayan tani berani ngomong panggung sambungnyasimak lengkap halaman selanjutnyahalaman 1 2 anies baswedan pilpres 2024 aniescak imin caleg pks milu 2024 politik nelayan pks round up ulas debat pilpres 2024temukan analisa debat caprescawapres pilih detikpemilulihat
7184322,            Berita        ,6 Fakta Tabrakan Mobil Vs KRL di Bogor Berujung 2 Orang Tutup Usia,"Jumat, 09 Feb 2024 00:38 WIB",Tim detikcom  ,celaka maut krl tabrak unit mobil tabrak kawasan jalan raya desa cilaku camat tenjo kabupaten bogor jawa barat akibat insiden orang kemudi mobil tinggal duniaperistiwa kamis 822024 siang 1220 wib imbas rute jalan krl ganggu proses evakuasi fakta kini rangkum detikcominformasi jadi akun x resmi krl commuterline peristiwa tabrak kamis 822024 kendara mobil tabrak krl stasiun darutigaraksa infolintas ka 1694 tanah abang rangkasbitung tertemper kendara mobil stasiun daru tigaraksa tulis akun krl commuterline kamis 822024kapolsek tenjo iptu am zalukhu tabrak 1220 wib unit mobil tertemper krl lintas bidang jalan raya desa cilaku camat tenjo kabupaten bogor jawa baratakibat insiden tabrak mobil krl orang nyata tinggal dunia korban tinggal kemudi mobil korban jiwa tumpang krlkorban tinggal orang nggak tumpang kapolsek tenjo iptu am zalukhu hubung wartawan kamis 822024 korban evakuasi arah rumah sakit tambhanyakapolsek tenjo iptu am zalukhu celaka mobil lintas palang pintu lintas kereta resmi kendala mobil sama krl melintasjadi kronologis ngelewatin palang pintu resmi pas rel kereta kereta langsung kena magnet mati situ tabrak kereta paparnyaimbas insiden rute jalan krl ganggu jalan krl rute tanah abangrangkasbitung parung panjangsimak fakta halaman selanjutnyahalaman 1 2 krl mobil tabrak krl bogor jabodetabek krl tabrak mobil celaka roundup
7184319,            Pemilu        ,TKN Ungkap Temuan Sementara Investigasi Surat Suara Tercoblos di Malaysia,"Jumat, 09 Feb 2024 00:38 WIB",Rolando Fransiscus Sihombing  ,tkn prabowo subiantogibran rakabuming raka turun tim khusus usut duga curang surat suara coblos malaysia tkn prabowogibran hasil usut tim khusus malaysiakemarin sore tim advokasi tkn pimpin desmihardi ketemu klarifikasi langsung dubes ri malaysia hermono hermanto kait video coblos surat suara wakil ketua tkn prabowogibran habiburokhman wartawan kamis 822024sesuai kbri polisi diraja malaysia ungkap video pos malaysia investigasi video imbuh temu duga curang surat suara coblos libat tugas pos malaysia video edar karung milik pos malaysiadugaan kbri coblos libat pos malaysia tingkat sawangan cabang video karung property pos malaysia tingkat sawangan habiburokhmannamun polisi malaysia barcode antar surat suara pos malaysia tugas kabur barcode oleh duga laku coblos surat suara diketahuiuntuk kendala investigasi polisi malaysia barcode antar surat suara pos dal video kabur barcode baca tugas antar surat suara pos malaysia laku coblos kbri netral laksana milu malaysia imbuhnyabawaslu telusur duga curang surat suara mungut surat suara negeri tpsln malaysia coblos bawaslu ecek benar kait kondisi tersebutiya telusur panwaslu kuala lumpur proses anggota bawaslu ri lolly suhenty wartawan rabu 72lolly aku sulit awas distribusi surat suara metode pos lolly sebut tiada anggar kendala tersebutiya pos hubung bijak negara maksud bawaslu awas proses siap kirim data pilih pos nama tuju sesuai alamat proses datang surat suara ujarnyayang panwaslu ln awas ln pos tiada anggar beda ppln kppsln pos sambung
7184317,            Pemilu        ,"Emil Dardak: Meski Anak Presiden, Gibran Berjuang Sendiri","Jumat, 09 Feb 2024 00:38 WIB",Rumondang Naibaho  ,juru bicara cawapres nomor urut 2 gibran rakabuming raka emil erlestianto dardak posisi gibran dunia politik sebab status putra presiden perjuangannyapernyataan emil acara dialog milenial generasi z tajuk inspirasi muda aksi nyata peran anak muda ekonomi kreatif rawat lingkung tumbuh diversity warunk wow jakarta selatan kamis 822024 malammulanya wakil gubernur jawa timur gibran samasama karier politik kepala daerah menuturka sukses kerja perintah daerah merta mulus jalan program anggar perintah pusat alir emil lantas cerita alam jalan proyek bangun rest area jalan nontol trenggalek emil cerita hambat itukenapa nggak jalan bangun rest area pinggir jalan non tol tol aja rest area jalan non jalan tol rest area ngembangin trenggalek dana gede batal dilaksankan emil lokasikenapa pemolik lahan nggak bebas sadar nggak bebas pidah kali pusing ucapnyahingga emil proyek hasil dekat akomodatif mana emil langsung salah rumah milik tanah butuh keluarga kena gusursaya bawa buah sungkem mbah bilang mbah terima kasih korban penting masyarakat ucapnyadari situ emil gibran pimpin kota solo gibran serta pilpres 2024nah alami mas gibran proyek fly over nggak otomatis benerbener istilah baik renang dipegangin dicemplungin aja anak presiden emiltapi nyemplung juang ya nggak ya rasain lihat nggak automatic pimpin daerah tantang eksekusi sederhana pungkas emil
7184312,            Internasional        ,"4 Fakta Kebocoran 5,5 Ton Air Radioaktif dari PLTN Fukushima","Jumat, 09 Feb 2024 00:38 WIB",Tim detikcom  ,bangkit listrik tenaga nuklir pltn fukushima jepang alami bocor air radioaktif bocor 5500 liter 55 ton air radioaktif pltn tersebutmeski tandatanda kontaminasi deteksi fasilitas bangkit nuklir fukushima tokyo electric power co tepco deret fakta terkiniseperti lansir kantor berita afp juru bicara jubir operator bangkit nuklir fukushima tokyo electric power co tepco bocor deteksi pabrik proses air kontaminasi 55 ton 5500 liter air bocor rabu pagi ubah signifikan pospos pantau radioaktivitas bangkit listrik jubir tepco kamis 822024meski tepco rencana buang tanah area kontaminasi juru bicara rincian spesifik lokasi bocor airjuru bicara tepco bocor rabu 722024 fasilitas proses air unsur radioaktif saring fasilitas canggih beda kenal alpstepco bocor ventilasi kerja bersih ventilasi operasi fasilitas ventilasi tutup bersih kali buka juru bicara tepcoseperti pltn fukushima rusak akibat gempa bumi tsunami 2011 tewas 18000 orang operasi bersih makan puluh tahunpada agustus 2023 otoritas jepang tahap lepas 134 juta ton air limbah olah kumpul bencana samudera pasifik otoritas jepang air limbah bahaya encer air lautpandangan dukung awas atom pbb perintah china rusia kritik lepas larang impor makan laut jepang prose spembuangan limbah dilakukanpelepasan limbah nuklir fukushima pasuk tahap susul tahap agustus tahap 7800 ton air limbah buang laut tahap keduaseperti lansir afp kamis 5102023 tepco tahap lepas air limbah olah air samudra pasifik kamis 5102023 pagi 1018
7184310,            Pemilu        ,Habib Rizieq Ajak Jemaah Pilih AMIN dan Caleg Partai Pendukung,"Jumat, 09 Feb 2024 00:38 WIB",Rizky Adha Mahendra  ,ulama habib rizieq shihab hrs ajak jemaah ikut hasil ijtima ulama hasil ijtima ulama dukung paslon nomor urut 1 anies baswedanmuhaimin iskandar aminsaya ulama dukung putus hasil ijtima ulama habib rizieq jemaah pademangan jakarta utara jumat 922024dalam ijtima ulama dukung pasang amin menang calon legislatif caleg partai usung saudara ijtima ulama menang capresnya menang calegcaleg partai dukung paslon 1 saudara jelasnyatahu partai 4 saudara pks pkb tiga partai ummat empat partai nasdem tambahnyahabib rizieq jemaah pilih caleg partai usung jemaah hormat partai dukung ijtima ulamatolong pilih caleg luar partai dukung partai dukung hasil ijtima ulama hormat sikap umat ajak calegcaleg dukung hasil ijtima ulama tuturnyahabib rizieq aja sifat imbau paksa jemaah ikut aja tersebutjadi menghimbau paksa yok samasama saudara amanat ulama ijtima ulama sosialisasi juang ikhlas mudahmudahan allah menang
7184309,            Pemilu        ,Ganjar soal Jokowi Tak Akan Kampanye: Tak Boleh Isuk Tempe Sore Dele,"Jumat, 09 Feb 2024 00:38 WIB",Anggi Muliawati  ,presiden joko widodo jokowi kampanye calon presiden nomor urut 3 ganjar pranowo pimpin milik sikap berbedaorang jawa bilang balik isuk tempe sore dele nggak ganjar tanggap jokowi kampanye banyuwangi jawa timur kamis 822024begitu berbedabeda sulit rakyat percaya laku sambung ganjar beda nyata kerap turut beda dikoreksiada data fakta jejak digital berkalikali berkalikali revisi statement muncul keliru gentle koreksi ganjarsebelumnya presiden joko widodo jokowi isu kampanye kampanye 10 februari 2024 jokowi turun kampanyeyang bilang jokowi terang pers youtube sekretariat presiden rabu 722024 jokowi isu turun kampanye 10 februarijokowi presiden boleh kampanye atur undangundang jokowi bukti atur tersebutini nyata presiden boleh uu kampanye tunjuk bunyi atur ucapnyajokowi lantas bicara turun kampanye jokowi berkampanyetapi tanya kampanye kampanye
7184305,            Pemilu        ,Gibran Bersedia Bertukar Pikiran dengan Ahok Jika Bertemu,"Jumat, 09 Feb 2024 00:38 WIB",Adrial akbar  ,cawapres nomor urut 2 gibran rakabuming raka mengahdiri acara mandat aktivis mahasiswa gibran bandung jawa barat sempat gibran tukar pikir ahok kesempatanhal gibran bawa acara gibran temu ahokudah ketemu ahok bom bawa acara kamis 822024 ya sempat tukar pikir gibransebelumnya nyata ahok viral media sosial presiden joko widodo jokowi gibran kerja ahok kalimat potong video viral kalimat potong maksud kerja kerja partaisaya maksud nyata jokowi gibran nggak kerja partai ahok lansir detikbali rabu 72pernyataan dipotongpotong potongpotongan buni yani biasa biar orang makimaki
7184301,            Pemilu        ,Anies Ungkap Alasan Jadikan JIS Lokasi Kampanye Akbar Terakhir,"Jumat, 09 Feb 2024 00:38 WIB",Arief Ikhsanudin  ,pasang anies baswedanmuhaimin iskandar amin kampanye jakarta international stadium jis jakarta kampanye 10 februari 2024 anies baswedan alas jis lokasi kampanye akbarkenapa pilih jis iya bangun pemprov dki jakarta kirim pesan negeri milik orangorang hebat orangorang hebat sanggup bangun megah jis tenaga kerja asing anies dialog bachtiar nasir kamis 922024anies pesan bangsa indonesia milik kuat gerak sempat pesan bangun kuat mampu tinggal sempat jis gera aniessaya undang rakyat indonesia yuk berbondongbondong katanyameski anies hasil amin tentu banyak massa jis banyak suara milu 14 februari 2024keberhasilan tentu jis hasil tentu suara acara jis sukses 14 februari sukses
7184297,            Pemilu        ,Habib Rizieq: Jangan Pilih Pemimpin Nggak Peduli Palestina,"Jumat, 09 Feb 2024 00:38 WIB",Rizky Adha Mahendra  ,habib rizieq shihab peduli palestina merdeka jajah israel habib rizieq jemaah pilih pimpin serta milu peduli palestina besok saudara caloncalon pimpin capres cawapres caleg nggak peduli palestina pilih capres peduli palestina tenggelam acara istighosah kubro pademangan jakarta utara jakut kamis 822023 habib rizieq bicara orang empati manusia peduli bangsa palestina sembarang bicara palestina urus orang arab urus bangsa indonesia astaghfirullah haladzim orangorang bicara empati kemanusian orangorang egois peduli urus orang islam katanyadia tekan urus merdeka palestina urus rakyat palestina urus orangkalau ketemu capres cawapres caleg partai peduli juang palestina pilih mesti peduli palestina urus palestina urus bangsa palestina
7184295,            Pemilu        ,Anies Ingin Buat Kampung Haji Indonesia di Arab Saudi,"Jumat, 09 Feb 2024 00:38 WIB",Arief Ikhsanudin  ,calon presiden capres nomor urut 1 anies baswedan sebut indonesia investasi jangka kait umrah haji arab saudi indonesia kampung haji indonesia singgah jemaah haji indonesiakami jangka lihat haji umrah indonesia projek batas usia pandang proyek batas usia kiamat kirim jemaah indonesia anies dialog bachtiar nasir kamis 822023menurut anies perintah kampung haji indonesia investasi jangka orang indonesia berangkat arab saudi haji umrah haji umrah milik sumber daya bangun kampung haji harap depan lingkar usaha usaha milik bangsa indonesia plos aja uang katanyamenurut anies wilayah inap huni jemaah indonesia agam kuliner halhal bau indonesia sanakita kira kampung haji tampung 40 ribu jemaah haji umrah haji makan indonesia layan butuh ujarnyadengan anies sebut ekonomi warga indonesia arab saudi gerak manfaat musim hajikita tuju ibadah jalan giat ekonomi gerak wakil mampir kampung indonesia rasa indonesia tanah suci
7184291,            Berita        ,Habib Rizieq Ucap Terima Kasih kepada Indonesia yang Peduli Palestina,"Jumat, 09 Feb 2024 00:38 WIB",Rizky Adha Mahendra  ,ulama habib rizieq shihab hrs terima kasih perintah indonesia sikap palestina perintah indonesia peduli bangsa palestinaberkalikali perintah indonesia terima kasih perintah indonesia peduli palestina menteri negeri suara lantang serikat bangsa bangsa habib rizieq pademangan jakarta utara jumat 912024habib rizieq terima kasih lantar perintah suara merdeka palestina terima kasih perintah boleh warga galang dana palestina terima kasih perintah indonesia izin bangsa indonesia galang dana besarbesaran bantu saudara palestina ujarnyahabin rizieq seloroh peduli situ kirim tentara indonesia jihad palestinatapi maklum perintah indonesia kirim tentara jihad palestina indonesia luas separatis teroris daerah rongrong satu satu indonesia ungkapnyadia tolong perintah buka posko daftar palestina habin rizieq orang mendaftarbangsa indonesia buka juta pemuda indonesia ramairamai daftar buka daftar nomor berangkat pemuda
7184287,            Pemilu        ,"GIbran ke Aktivis Mahasiswa: Didemo, Protes, Caci Maki Hal yang Sangat Biasa","Jumat, 09 Feb 2024 00:38 WIB",Adrial Akbar  ,cawapres nomor urut 2 gibran rakabuming raka sedia demo jabat wakil presiden gibran jabat wali kota solo kerap demohal gibran salah serta acara mandat aktivis mahasiswa gibran de majestic braga bandung kamis 822024 gibran demo ajak demonstran berdiskusiwali kota demo tho ya pas solo ya ajak diskusi ajak masuk kantor ya pokok buka diskusi diskusi ya halhal make sense gibran solo aktivitas demo cerita isi komentar kolom media sosial terima cibirankita solo nama demo nama protes nama dicacimaki ya diaya isi kolom komen sosmed isi ya polisi lapor tambahnyagibran buka terima masuk kritik nomor handphonenya letak profil sosial media terima masuk masyarakattapi layan layan solo ya ya sempat ya sila halhal receh halhal kait bayar sekolah lainlain orang solo tau gaji ilangnya mana bayarbayar kaya gitu ungkapnyadalam acara anggota organisasi mahasiswa mandat bangsa gibranpemberian mandat de majestic braga bandung jawa barat kamis 822024 hadir ketua pb hmi periode 20132015 arief rosyid ketua pb gmni periode 20152017 chrisman ketua pb pmii 20142017 aminudin maruf ketua pb kammi periode 20152017 kartika nur rakhman presidium pp pmkri peridoe 20162018 ketua pb gmki sahat mp sinuratdalam sempat gibran berterimakasih mandat ketua aktivis cipayung pluspertamatama terima kasih tum aktivis serah mandat bangsa aktivis cipayung plus gibranberikut poin mandat cipayung plus gibran1 pegang teguh setia pancasila uud 1945 jalan amanat diri bangsa2 juang agenda aspirasi mahasiswa gera mahasiswa indonesia wujud citacita merdeka indonesia3 lanjut estafet pimpin nasional jaga sinambung bangun nasional4 jaga satu satu agam bangsa solidaritas anak bangsa bangun mandiri kuat nasional menang saing global5 lanjut juang bantu capai merdeka bangsa palestina presiden soekarno presiden joko widodo bentuk komitmen wujud damai dunia
7184279,            Pemilu        ,"Jika Jadi Presiden, Ganjar Bakal Libatkan Walhi Terkait Izin Tambang","Jumat, 09 Feb 2024 00:38 WIB",Kurniawan Fadilah  ,capres nomor urut 3 ganjar pranowo rencana undang walhi untu mereview bijak atur hilir tambang pilih presiden 2024 ganjar walhi milik data masuk tinjau aturanundang walhi gampang undang walhi data menteri data ya kirakira masingmasing desain ganjar kantor eksekutif nasional walhi jakarta selatan kamis 822024ganjar coba mekanisme regulatory sandbox uji susun atur izin lingkung alam cocok sesuai jenis komposisi atur lingkung nilai beda kondisi cerita regulatory sandbox desain memitigasi uji coba hasil hasil ya udah hasil generalisasi papar ganjartapi orang polapola asimetris ambil bijak otonomi daerah indonesia seragam sambungnyadia aku masuk diskusi walhi sebut tambang kebun kondisi ininah masuk sih lihat tambang kondisi kebun kondisi pungkas
7184277,            Pemilu        ,Kaesang Sebut Akan Ada Aplikasi Penilaian Kinerja Anggota Dewan dari PSI,"Jumat, 09 Feb 2024 00:38 WIB",Annisa Aulia Rahim  ,ketua partai solidaritas indonesia psi kaesang pangarep ganti kader psi anggota parlemen serap aspirasi masyarakat ganti kaesang psi aplikasi kerja kader psi parlemenhal kaesang diskusi tokoh lintas agama masyarakat pematang siantar sumatera utara kamis 822024 kaesang beber kriteria nilai kader aplikasi itusaya salah aplikasi aplikasi kriteria temanteman psi anggota dewan salah satu hadir kumpul tugas hari minggu bulan tahun tiga terima audiensi masyarakat imbuh kaesang kader penuh kriteria nilai ganti benarbenar aspirasi masyarakat parlemenkenapa ganti hati ganti temanteman temanteman serap aspirasi masyarakat anggota dewan kaesanglebih kaesang nama aplikasi garap psi pantau kerja kader duduk kursi wakil rakyat kaesang aplikasi kader psi anggota dpr dprd wajib kumpul tugas hari minggu bulan tahun
7184275,            Pemilu        ,Bawaslu DKI Ingatkan Para Pengawas Se-RI Ciptakan Pemilu Damai & Adil,"Jumat, 09 Feb 2024 00:38 WIB",Devandra Abi Prasetyo  ,badan awas milu bawaslu dki jakarta gelar giat awas kampanye 2024 koordinator divisi tangan langgar bawaslu dki jakarta benny sabdo upaya cipta milu luber jurdilbenny bawaslu kabupatenkota indonesia awal pesta demokrasi tahun upayaupaya buruk rusak demokrasi temu lapang salah satu perhati benny isu money politic politik uangsilakan tindaklanjuti money politic kampanye cipta milu damai luber jurdil benny kamis 822024 benny masamasa kampanye isu politik uang rentan wasit milu harap awal tersebutsenada benny koordinator divisi humas datin bawaslu dki jakarta quin pegagan imbau jajar bawaslu kabupatenkota awas tps indonesia jalan tugasuntuk jajar bawaslu kabupatenkota awas tps jaga sehat fisik mental dekat mungut suara milu 2024 tingkat paham regulasi arah pungkas quin
7184272,            Pemilu        ,"Bertemu Walhi, Ganjar Bicara Soal Perubahan Iklim hingga Pemanfaatan SDA","Jumat, 09 Feb 2024 00:38 WIB",Kurniawan Fadilah  ,capres nomor urut 3 ganjar pranowo penuh undang wahana lingkung hidup indonesia walhi ganjar ungkap temu walhi bahas krisis iklim terjadijadi bicara poin ubah iklim dunia baikbaik ya sumber daya alam iklim pengaruh akses masyarakat buruk rasarasanya musti remind ganjar kantor eksekutif nasional walhi jakarta selatan kamis 822024ganjar kasuskasus lingkung atas timbul adil masyarakat cerita dapat lingkung kampanye wilayah kalimantan sumatera sebut tinjau ulang atur manfaat sumber daya alam masyarakatmaka tambang kebun adil masyarakat sekitar akses ganjarkemarin kampanye kalimantan barat umpama sumatera utara masyarakat adat akses dayak kemarin tinggal review bijak masuk ya ya regulatory sandbox musti bikin kondisi daerah agam imbuh
7184385,            Berita        ,Tentang Temuan Penting di CCTV Kasus Tewasnya Anak Tamara Tyasmara,"Jumat, 09 Feb 2024 00:38 WIB",Mei Amelia Rachmat  ,polisi temu temu mati dante 6 anak tamara tyasmara temu isi rekam cctv kolam renang dante tewas tenggelamhasil periksa digital forensic dokter forensik dapat kasubdit jatanras ditreskrimum polda metro jaya akbp rovan richard mahenu wartawan kamis 822024polisi beber hasil periksa digital forensic dokter forensik meyebut hasil periksa ahli informasi proses bukti sidi mati dante hasil pasti temu rekam cctv imbuhnyapolisi informasi transparan kait kembang ahli hadir hasil periksa forensik tersebutkita transparan hadir ahli digital forensic dokter forensik detail hasil temu tuturnyapenyidik subdit jatanras ditreskrimum polda metro jaya gelar perkara gelar perkara sidik tentu sangka kait mati dantehari gelar perkara tentu sangka rovan kamis 82
7184374,            Pemilu        ,"Ahok Ungkit Dukung Jokowi Meski Ada Ma'ruf, TPN Ganjar Bicara Begini","Jumat, 09 Feb 2024 00:38 WIB",Rolando Fransiscus Sihombing  ,politikus pdip basuki tjahaja purnama btp ahok aku rela dukung presiden joko widodo jokowi wapres maruf amin tpn ganjar pranowomahfud md nilai ahok jokowi jalur ideologiyang paham garis juang ahok ideologi jokowi jalan ideologi lurus ahok jalan jubir tpn ganjarmahfud imam priyono wartawan kamis 822024tapi ahok kritik imbuh imam imam kritik ahok jokowi murni pikir ahok imam iya menep kritik ahok strategi tpn ganjarmahfudmurni pikir beliau dukung apresiasi ujarnyaahok pdip tugas jokowi jalan nawacita ahok aku rela dukung jokowi pilpres 2019 maruf aminpdip tugas presiden kerja nawacita rela dukung jokowi maruf ahok detikcom kamis 82ahok nawacita trisakti presiden ri sukarno terus presiden jokowi 10 ganjar pranowokuncinya nawacita trisakti karno terus jokowi 10 ganjar ahok
7184379,            Pemilu        ,Cerita Ahok Dulu Dukung Jokowi Meski Ada Ma'ruf karena Nawacita,"Jumat, 09 Feb 2024 00:38 WIB",Tim detikcom  ,kritik politikus pdip basuki tjahaja purnama btp ahok presiden joko widodo jokowi proses pilpres 2024 lanjut ahok rela dukung jokowi duet wapres maruf amin pilpres 2019ahok pdip tugas jokowi jalan nawacita ahok aku rela dukung jokowi pilpres 2019 maruf aminpdip tugas presiden kerja nawacita rela dukung jokowi maruf ahok detikcom kamis 82 ahok nawacita trisakti presiden ri ke1 sukarno terus presiden jokowi 10 ganjar pranowokuncinya nawacita trisakti karno terus jokowi 10 ganjar ahokahok angkat bicara viral video kerja presiden jokowi wali kota solo gibran rakabuming raka viral ahok singgung nawacitaini nawacita ahokhalaman 1 2 ahok basuki tjahaja purnama btp jokowi presiden jokowi maruf amin wapres maruf amin pilpres 2019 pilpres 2024 pdip pdi juang tkn prabowogibran prabowogibran politik detikpemilu roundup ulas debat pilpres 2024temukan analisa debat caprescawapres pilih detikpemilulihat
7184335,            Pemilu        ,Nusron Balas Cak Imin soal 'Kuliah Hukum Disuruh Pilih Pelanggar Hukum',"Jumat, 09 Feb 2024 00:38 WIB",Rolando Fransiscus Sihombing  ,cawapres nomor urut 1 muhaimin iskandar cak imin sentil konten viral media sosial rugi kuliah hukum pilih langgar hukum tkn prabowo subiantogibran rakabuming raka balas sindir cak iminjawab capekcapek kuliahkuliah suruh pilih kardus durian rugi sekretaris tkn prabowogibran nusron wahid wartawan kamis 822024tak pesan nusron wahid cak imin sindir hukum ya pesan imbuh nusron cak imin safari poltik bandung jawa barat cak imin sentil konten viral media sosial rugi kuliah hukum pilih langgar hukumhal cak imin orasi politik gor ctra arena kota bandung jawa barat kamis 82 cak imin konten sosial mediatapi sosmed muncul cak imin orasi politiknyacak imin konten viral konten bunyi capekcapek kuliah hukum suruh langgar hukumcapekcapek kuliah hukum lihat nggak capekcapek kuliah hukum suruh milih langgar hukum rugi
7184326,            Pemilu        ,Bantahan AMIN soal Settingan Nelayan Caleg PKS Curhat ke Anies Baswedan,"Jumat, 09 Feb 2024 00:38 WIB",Tim detikcom  ,viral media sosial nelayan nama sappe curhat capres nomor urut 1 anies baswedan kampanye kota parepare sulawesi selatan sulsel ungkap sappe caleg dprd kota parepare partai adil sejahtera pks salah partai usung anies pilpres 2024momen anies kampanye lapang lumpue bacukiki barat kota parepare selasa 62 lelaki pakai tani suara keluh menang panggung sebut nelayan sulit bahan pangansaya nama sappe wakil lapis masyarakat sulawesi selatan masyarakat nelayan susah bahan pangan sulit sappe pegang tangan anies isak saudarasaudara tani sulit mahal butuh makan gratis butuh susu gratis butuh tara video beredardalam video viral sappe caleg pks netizen narasi curhat sappe anies gimmick pks salah partai dukung anies baswedanrespons timnas aminterkait viralnya video narasi gimmick jubir timnas amin indra charismiadji aku masalah turut sosok sangkut suara aspirasi rakyat masalahpada dasar rawan macammacam latar belakang nelayan tani ojol dagang pasar caleg lainlain indra wartawan kamis 822024indra sebut masalah sosok curhat anies calon legislatif caleg indra sebut acara kampanye anies baswedan untuk siapapunsaya ketemu ojol anggur caleg hehehe suara keluh guruguru nggak salah caleg nasdem indrafokus substansi gitu nggak nelayan tani berani ngomong panggung sambungnyasimak lengkap halaman selanjutnyahalaman 1 2 anies baswedan pilpres 2024 aniescak imin caleg pks milu 2024 politik nelayan pks round up ulas debat pilpres 2024temukan analisa debat caprescawapres pilih detikpemilulihat
7183197,            Pemilu        ,"Anies: Kalahkan Coldplay, Situs Tiket Kampanye di JIS Diakses 3,5 Juta Kali","Jumat, 09 Feb 2024 00:38 WIB",Wilda Hayatun Nufus  ,capres nomor urut 1 anies baswedan aku kejut dengar situs tiket kampanye akbar pasang muhaimin iskandar cak imin selenggara jakarta international stadium jis 10 februari 2024 akses 35 juta kali sebut kalah tiket konser coldplaysaya kejut dengar kabar situs tiket akses 35 juta kali puluh menit kalah mesan tiket coldplay anies terang video unggah akun instagram resmi kamis 822024anies tanda animo masyarakat acara gera ubah masyarakat tiket hadir jis tanda animo semangat acara sabtu acara gera ubah hadir gera ubah ujarnyalalu dair gerak jakarta sulit tiket tanya tiket sederhana dukung gera ubah hadir jis penuh jis wilayah jis tambahnyaanies tiket ukur animo masyarakat tiket anies sempat cari duduk awaltiket lepas situs dar manajemen massa ukur animo sempat cari duduk katanyasementara anies tiket jis sebut kursi kosong ditempatitapi tanda tidak acara tiket tiket 0630 wib tiket kursi kosong kurus kosong tempat ujarnyajadi tiket kurus tempat imbuh
7176552,            Pemilu        ,Co-Captain Timnas AMIN: Kufur Kalau Tak Pilih Anies-Muhaimin,"Jumat, 09 Feb 2024 00:38 WIB",Dwi Rahmawati  ,cocaptain timnas anies baswedan muhaimin iskandar amin beni pramula kufur pandai syukur pilih pasang nomor urut 1 beni sebut aniescak imin paket lengkap pimpin indonesiahal beni konsolidasi nasional pusat komando saksi aman awal suara amin sebut anies intelektual cak imin santri suara suara rakyat politikyang dosen intelektual aktivis santri politikus mumpuni rekam jejak republik taat ibadah insyaallah tokoh nasionalis religius figur baik anugerah allah rakyat indonesia beni nam centre jakarta pusat minggu 422024 sebut kufur pilih amin turut pilih pimpin juang jalan kebaikanmaka kufur anda pilih anies baswedanmuhaimin iskandar pilih jaga menang jihad fi sabilillah jihad proses jaga demokrasi rawat demokrasi benidan pilih ganti pimpin negeri juang jalan allah baik kondisi bangsa negara cinta sambungnyadia bangsa indonesia ganti pimpin zalim dukung turun lapang menang aminkalau juang baik kondisi bangsa ganti pimpin zalim pimpin adil jihad fi sabilillah beniapa laku konsolidasi menang cetak apk rompi saksi amin barangkali bayar korban insyaallah ganti pahala lipat ganda allah ganti pahala pungkas
7181162,            Pemilu        ,"Viral Ahok Tanya &#39;Jokowi-Gibran Bisa Kerja?&#39;, Ini Kata Politikus PDIP","Jumat, 09 Feb 2024 00:38 WIB",Tim detikcom  ,video isi politikus pdip basuki tjahaja purnama btp ahok kerja presiden joko widodo jokowi wali kota solo gibran rakabuming raka viral media sosial medsos politikus pdip maksud kata ahok tersebutdalam video viral rabu 722024 anggota keluarga pilih pasang nomor urut 2 prabowogibran ahok pilih presiden sehat emosional kerja ahok khawatir tibatiba gibran jabatanlagi khawatir tibatiba gibran ahok panggung latar gambar pasang nomor urut 3 ganjar pranowomahfud md bagus gibran jabat ahok bukti gibran kerja singgung jokowi anggap kerjatapi presiden 2 karakter uji kuasa bukti gibran kerja wali kota jokowi kerja ahokahok video sungguh enggan bicara forum buka turut adil pilih presiden dasar mampu kerjanah debat nggak enak ngomong pilih prabowo hak fair pilih presiden dasar mampu kerja ahokahok hubung pisah kait video isi viral bicara kerja jokowi gibran ahok enggan jauhsementara politikus pdip ima mahdiah maksud ucap ahok bukti gibran kerja ima rekam jejak gibran uji menjabatyang ahok gibran wali kota 4 alam legislatif alam eksekutif umur jagung laga pilpres rekam jejak minim pimpin 230 juta rakyat indonesia ima wartawanucapan ahok ima nada nyata jokowi nyata jokowi gibran jabat solo maju cawapreshal nada komentar jokowi mei 2023 bilang gibran 2 wali kota logis calon calon wakil presiden kirakira maksud kata ahok tangkap imbuhnyasimak video pdip tepis ahok kuda putih jokowi kejut jokowigambasvideo 20detik
